{"schemaVersion":"1.0","appDefinitionTemplate":{"id":"/providers/Microsoft.PowerApps/apps/","type":"Microsoft.PowerApps/apps","tags":{"primaryDeviceWidth":"1136","primaryDeviceHeight":"640","supportsPortrait":"false","supportsLandscape":"true","primaryFormFactor":"Phone","publisherVersion":"3.24074.14","minimumRequiredApiVersion":"2.2.0","hasComponent":"true","hasUnlockedComponent":"true","isUnifiedRootApp":"false","sienaVersion":"20240805T121606Z-3.24074.14.0","showStatusBar":"false","offlineLargeFilesSupport":"false"},"properties":{"appVersion":"2024-08-05T12:16:06Z","lifeCycleId":"Published","createdByClientVersion":{"major":3,"minor":24074,"build":14,"revision":0,"majorRevision":0,"minorRevision":0},"minClientVersion":{"major":3,"minor":24074,"build":14,"revision":0,"majorRevision":0,"minorRevision":0},"backgroundColor":"RGBA(0,176,240,1)","backgroundImageUri":"/11394830843626227740/Nb49a1c2b-b105-403b-9988-a2362d4fa11c-logoSmallFile","displayName":"IDT Ticket Manager","description":"Aprimoramento de funcionalidades .","commitMessage":"","appUris":{"documentUri":{"value":"/11394830843626227740/Nf0945364-f093-4cfb-ad1a-d2a600e0b290-document.msapp"},"imageUris":[],"additionalUris":[{"isSolutionAware":false,"value":"/11394830843626227740/N9176dd6b-35b0-4688-a91a-b541991cbe87-identity.json"}]},"createdTime":"0001-01-01T00:00:00Z","lastModifiedTime":"0001-01-01T00:00:00Z","sharedGroupsCount":0,"sharedUsersCount":0,"connectionReferences":{"18201407-f4c3-4f42-8d37-686ea2fd2f24":{"id":"1cddf64b-e7ee-457e-a954-8a8b80e24c65","displayName":"SharePoint","iconUri":"https://connectoricons-prod.azureedge.net/u/jayawan/releases/v1.0.1697/1.0.1697.3786/sharepointonline/icon.png","dataSources":["Service Desk","Service Desk Comments","TicketAdmin","QmanCellNumbers","QmanContracts","QmanEquipmant","QmanModels","QmanPerfilTelefonia","QmanSoftware","ADusers","Cópia de Lista de cdcs e usuários"],"dependencies":[],"dependents":[],"parameterHints":{},"parameterHintsV2":{},"isOnPremiseConnection":false,"bypassConsent":false,"dataSets":{"https://primetals.sharepoint.com/sites/PTBRA_IDT":{"dataSources":{"Service Desk":{"tableName":"960a39e1-5dc2-4859-ae9e-232135f69bb4"},"Service Desk Comments":{"tableName":"1aa064c4-f862-4b23-8b28-d6f302ec54e5"},"TicketAdmin":{"tableName":"f15851a8-8f14-439f-b37f-db44d2f77493"},"QmanCellNumbers":{"tableName":"516e052f-981c-44cb-a9df-41d8b5bbdb0d"},"QmanContracts":{"tableName":"0b124571-8568-4d2d-97bc-1d4fc03f38af"},"QmanEquipmant":{"tableName":"6ee1b4c3-051b-4967-abe9-011aff4f334b"},"QmanModels":{"tableName":"62c8a710-d150-472f-b956-459197d0882f"},"QmanPerfilTelefonia":{"tableName":"725ee3fb-89ec-4ae3-b3b8-b421715fcad2"},"QmanSoftware":{"tableName":"1377df1c-006c-4b9c-b834-c98ea11bdd81"},"ADusers":{"tableName":"9c1d8e3c-1a04-4941-8949-bc693767749b"},"Cópia de Lista de cdcs e usuários":{"tableName":"9c1023e3-3ec6-43d1-ad34-6593ee51c994"}}}},"apiTier":"Standard","isCustomApiConnection":false,"actions":["providers/PowerPlatform.Governance/Operations/Read","providers/PowerPlatform.Governance/Operations/Write","providers/PowerPlatform.Governance/Operations/Delete"]},"159414c0-e329-425c-9551-27706766670f":{"id":"69383926-65c0-4c77-bf23-8fea1de113d8","displayName":"Office 365 Users","iconUri":"https://connectoricons-prod.azureedge.net/releases/v1.0.1702/1.0.1702.3810/office365users/icon.png","dataSources":["UsuáriosdoOffice365"],"dependencies":[],"dependents":[],"parameterHints":{},"parameterHintsV2":{},"isOnPremiseConnection":false,"bypassConsent":false,"dataSets":{},"apiTier":"Standard","isCustomApiConnection":false,"actions":["DirectReports_V2","SearchUser","MyProfile","UserPhoto","Manager"]}},"databaseReferences":{},"almMode":"Environment","performanceOptimizationEnabled":true,"canConsumeAppPass":true,"enableModernRuntimeMode":false,"executionRestrictions":{"isTeamsOnly":false,"dataLossPreventionEvaluationResult":{"status":"Compliant","lastEvaluationDate":"2023-08-02T16:31:15.5721888Z","violations":[],"violationsByPolicy":[],"violationErrorMessage":"The app uses the following connectors: shared_sharepointonline."}}},"appType":"ClassicCanvasApp","appComponents":[]}}